"month","day","mean.ETPI_ft","SE.ETPI_ft","sd.ETPI_ft","N.val","UCI","LCI","DOY"
1,1,0.0085,0.000475594865605671,0.00184197099403252,15,0.00756785119218072,0.00943214880781928,1
1,2,0.00783333333333333,0.000562261119176461,0.00217762795079038,15,0.00673132178984029,0.00893534487682638,2
1,3,0.00666666666666667,0.000481125224324688,0.00186338998124982,15,0.00572367855493652,0.00760965477839681,3
1,4,0.00788888888888889,0.000421532435710778,0.00163258810339409,15,0.00706270049658032,0.00871507728119746,4
1,5,0.00803571428571429,0.000615276269242898,0.0023021529977194,14,0.00682979495745604,0.00924163361397254,5
1,6,0.006875,0.00103049565564164,0.00412198262256657,16,0.00485526562871739,0.00889473437128261,6
1,7,0.00683333333333333,0.000797648660904904,0.00308927997980934,15,0.00526997068564312,0.00839669598102355,7
1,8,0.0071875,0.000666992108065922,0.00266796843226369,16,0.00588021949021835,0.00849478050978165,8
1,9,0.00739583333333333,0.000653848117769801,0.0026153924710792,16,0.00611431457114522,0.00867735209552145,9
1,10,0.00867647058823529,0.000525390958583971,0.00216624241698623,17,0.00764672323160774,0.00970621794486285,10
1,11,0.00651960784313726,0.00079326236924913,0.00327070453724188,17,0.00496484216911805,0.00807437351715646,11
1,12,0.00666666666666667,0.000815787508643801,0.0032631500345752,16,0.00506775253068716,0.00826558080264617,12
1,13,0.00546875,0.000372435288313932,0.00148974115325573,16,0.0047387902483329,0.0061987097516671,13
1,14,0.00744791666666667,0.000984453075974826,0.0039378123038993,16,0.00551842409328633,0.009377409240047,14
1,15,0.0084375,0.000793765492703864,0.00317506197081545,16,0.00688174822212974,0.00999325177787026,15
1,16,0.00594444444444444,0.000998897099035772,0.00386871182914045,15,0.00398664210607279,0.0079022467828161,16
1,17,0.00848958333333333,0.000560148118225753,0.00224059247290301,16,0.00739171319560297,0.00958745347106369,17
1,18,0.00916666666666667,0.000680413817439772,0.00263523138347365,15,0.0078330800899013,0.010500253243432,18
1,19,0.00817708333333333,0.000830616230132339,0.00332246492052936,16,0.00654910543729952,0.00980506122936715,19
1,20,0.00796875,0.000564009035503537,0.00225603614201415,16,0.0068633126034579,0.0090741873965421,20
1,21,0.0078125,0.000526359571156589,0.00210543828462636,16,0.00678085419761514,0.00884414580238486,21
1,22,0.00703125,0.000860557898013453,0.00344223159205381,16,0.00534458751328214,0.00871791248671786,22
1,23,0.00538888888888889,0.000731322399150415,0.00283239947261801,15,0.00395552332546665,0.00682225445231113,23
1,24,0.00922222222222222,0.000548366180003959,0.00212381308277871,15,0.00814744425907465,0.0102970001853698,24
1,25,0.00744791666666667,0.000652047833609479,0.00260819133443792,16,0.00616992639659472,0.00872590693673861,25
1,26,0.00645833333333333,0.000785060153392366,0.00314024061356946,16,0.00491964370698681,0.00799702295967986,26
1,27,0.00739583333333333,0.000808215197552951,0.0032328607902118,16,0.00581176065437163,0.00897990601229504,27
1,28,0.00729166666666667,0.00083506763975319,0.00334027055901276,16,0.00565496416809555,0.00892836916523779,28
1,29,0.0105208333333333,0.000804627099045588,0.00321850839618235,16,0.00894379319821904,0.0120978734684476,29
1,30,0.0111111111111111,0.000427762316768631,0.00165671632898001,15,0.0102727123763012,0.011949509845921,30
1,31,0.010625,0.000391607560551991,0.00156643024220797,16,0.00985746328524451,0.0113925367147555,31
2,1,0.00973958333333333,0.00050299306701282,0.00201197226805128,16,0.00875373503751486,0.0107254316291518,32
2,2,0.009375,0.000566727937863977,0.00226691175145591,16,0.00826423365275395,0.010485766347246,33
2,3,0.0105,0.000791823292776947,0.00306671842606424,15,0.00894805486403727,0.0120519451359627,34
2,4,0.00755555555555556,0.00097748011342126,0.00378576420052948,15,0.00563972973764576,0.00947138137346535,35
2,5,0.00713541666666667,0.000822740839162568,0.00329096335665027,16,0.00552287425329777,0.00874795908003556,36
2,6,0.00916666666666667,0.00052704627669473,0.00204124145231932,15,0.00813367494615906,0.0101996583871743,37
2,7,0.00933333333333333,0.00090267093384844,0.00349602949390051,15,0.00756413081309926,0.0111025358535674,38
2,8,0.00822916666666667,0.000696697733225451,0.0027867909329018,16,0.00686366420143409,0.00959466913189925,39
2,9,0.00805555555555556,0.000795434503515353,0.00308070458511373,15,0.00649653257660496,0.00961457853450615,40
2,10,0.01046875,0.000667398686651723,0.00266959474660689,16,0.00916067261083329,0.0117768273891667,41
2,11,0.00864583333333333,0.000558369609103478,0.00223347843641391,16,0.00755144900942881,0.00974021765723786,42
2,12,0.00890625,0.000732507228822882,0.00293002891529153,16,0.00747056221309191,0.0103419377869081,43
2,13,0.00833333333333333,0.000965680942413012,0.00374006620771548,15,0.00644063346564713,0.0102260332010195,44
2,14,0.01140625,0.000728546363137406,0.00291418545254962,16,0.00997832536718304,0.012834174632817,45
2,15,0.0100520833333333,0.000459397438983332,0.00183758975593333,16,0.00915168089833607,0.0109524857683306,46
2,16,0.00933333333333333,0.000728301641096105,0.00282070012698075,15,0.00790588834690355,0.0107607783197631,47
2,17,0.00848958333333333,0.000575436378292999,0.00230174551317199,16,0.00736174875648489,0.00961741791018178,48
2,18,0.00661458333333333,0.00106357176336782,0.00425428705347128,16,0.00453002098215865,0.00869914568450802,49
2,19,0.00869791666666667,0.000649825252507392,0.00259930101002957,16,0.00742428257550753,0.0099715507578258,50
2,20,0.0124479166666667,0.000606049508657869,0.00242419803463148,16,0.011260081456849,0.0136357518764843,51
2,21,0.0121111111111111,0.000436940622492089,0.00169226375419336,15,0.0112547232276441,0.0129674989945781,52
2,22,0.0116111111111111,0.000566168470698787,0.00219276105816413,15,0.0105014412993594,0.0127207809228629,53
2,23,0.0106111111111111,0.000815145435568861,0.00315704469669519,15,0.00901345541523393,0.0122087668069883,54
2,24,0.0111666666666667,0.000532042087685536,0.00206059014508751,15,0.0101238833365435,0.0122094499967898,55
2,25,0.0128333333333333,0.00047280542884465,0.00183116755191179,15,0.0119066517211028,0.0137600149455639,56
2,26,0.0118229166666667,0.000528245863334139,0.00211298345333656,16,0.0107875737995495,0.0128582595337838,57
2,27,0.0110119047619048,0.000767443523774778,0.00287151072966372,14,0.00950774309513769,0.0125160664286718,58
2,28,0.0116666666666667,0.000829853847016092,0.00331941538806437,16,0.0100401830140831,0.0132931503192502,59
2,29,0.00854166666666667,0.00181222060426387,0.00362444120852775,4,0.00498977955026806,0.0120935537830653,60
3,1,0.00958333333333333,0.000779511955577904,0.00311804782231162,16,0.00805551797488226,0.0111111486917844,61
3,2,0.01046875,0.000863913729992972,0.00345565491997189,16,0.00877551020346411,0.0121619897965359,62
3,3,0.00994791666666667,0.000735463879504327,0.00294185551801731,16,0.00850643395090808,0.0113893993824253,63
3,4,0.0107291666666667,0.000713117016785906,0.00285246806714362,16,0.00933148299700365,0.0121268503363297,64
3,5,0.01171875,0.00093933077413696,0.00375732309654784,16,0.00987769551312143,0.0135598044868786,65
3,6,0.0071875,0.0012680981494611,0.0050723925978444,16,0.00470207329819435,0.00967292670180565,66
3,7,0.0103125,0.00104547913435437,0.00418191653741749,16,0.00826339855007732,0.0123616014499227,67
3,8,0.0106770833333333,0.000600051839967305,0.00240020735986922,16,0.00950100333814042,0.0118531633285262,68
3,9,0.0110555555555556,0.000877657214947187,0.00339915177716924,15,0.00933537902348734,0.0127757320876238,69
3,10,0.0102604166666667,0.000952332510548783,0.00380933004219513,16,0.00839387924468444,0.0121269540886489,70
3,11,0.01203125,0.00087058658785008,0.00348234635140032,16,0.0103249316423902,0.0137375683576098,71
3,12,0.0114583333333333,0.0010554641773313,0.00422185670932518,16,0.0093896615587918,0.0135270051078749,72
3,13,0.0135416666666667,0.000652186493437439,0.00260874597374975,16,0.0122634046283258,0.0148199287050075,73
3,14,0.0127083333333333,0.000518745816582864,0.00207498326633146,16,0.0116916102157001,0.0137250564509666,74
3,15,0.0104166666666667,0.000950146187582615,0.00380058475033046,16,0.0085544143589567,0.0122789189743766,75
3,16,0.01203125,0.000928486765447473,0.00371394706178989,16,0.0102114493796009,0.0138510506203991,76
3,17,0.0123958333333333,0.000675612719164091,0.00270245087665636,16,0.0110716567362745,0.0137200099303921,77
3,18,0.0116666666666667,0.000663185354795185,0.00265274141918074,16,0.0103668472561937,0.0129664860771396,78
3,19,0.010625,0.00120160964574222,0.00480643858296888,16,0.00826988837086932,0.0129801116291307,79
3,20,0.01296875,0.000768177670119596,0.00307271068047838,16,0.0114631494328377,0.0144743505671623,80
3,21,0.013125,0.000821090625214303,0.00328436250085721,16,0.0115156919465365,0.0147343080534635,81
3,22,0.0102604166666667,0.00146667998336758,0.0058667199334703,16,0.00738577672242042,0.0131350566109129,82
3,23,0.0121354166666667,0.00105674845788425,0.004226993831537,16,0.0100642277484953,0.014206605584838,83
3,24,0.0125520833333333,0.000813901035650732,0.00325560414260293,16,0.0109568666164781,0.0141473000501886,84
3,25,0.01359375,0.000479430784696618,0.00191772313878647,16,0.0126540829289149,0.0145334170710851,85
3,26,0.0136979166666667,0.000965159115408209,0.00386063646163283,16,0.011806239561116,0.0155895937722173,86
3,27,0.0135416666666667,0.00076262521740513,0.00305050086962052,16,0.0120469487068506,0.0150363846264828,87
3,28,0.0129166666666667,0.00103749163316573,0.00414996653266291,16,0.0108832204314002,0.0149501129019331,88
3,29,0.01359375,0.00103670694254559,0.00414682777018235,16,0.011561841730088,0.015625658269912,89
3,30,0.0133854166666667,0.00101911348889157,0.00407645395556627,16,0.0113879909322802,0.0153828424010531,90
3,31,0.0136666666666667,0.000602024802175012,0.00233163203282764,15,0.0124867197366038,0.0148466135967295,91
4,1,0.0125555555555556,0.000652967719748465,0.00252893310419684,15,0.0112757623417813,0.0138353487693298,92
4,2,0.0140555555555556,0.000574287381432557,0.00222420546422536,15,0.0129299729711719,0.0151811381399392,93
4,3,0.0116666666666667,0.000749779509035364,0.00290388355182154,15,0.0101971258326112,0.0131362075007221,94
4,4,0.0137222222222222,0.000744764205195435,0.00288445936357332,15,0.0122625112030646,0.0151819332413799,95
4,5,0.0156111111111111,0.000491102492203333,0.00190203177358447,15,0.0146485679136747,0.0165736543085475,96
4,6,0.0157291666666667,0.000503891109268659,0.00201556443707464,16,0.0147415582403702,0.0167167750929632,97
4,7,0.0141666666666667,0.000618016540591305,0.00247206616236522,16,0.0129553765052577,0.0153779568280757,98
4,8,0.0153125,0.000415797704997853,0.00166319081999141,16,0.0144975514733498,0.0161274485266502,99
4,9,0.0141666666666667,0.000756912588524373,0.00302765035409749,16,0.0126831452537139,0.0156501880796194,100
4,10,0.0149019607843137,0.00079854581164926,0.00329248872832449,17,0.0133368397534759,0.0164670818151516,101
4,11,0.0125980392156863,0.00102780570324813,0.00423775147710426,17,0.0105835770542151,0.0146125013771575,102
4,12,0.012156862745098,0.00143104515460735,0.00590035032747447,17,0.00935206578181708,0.014961659708379,103
4,13,0.0161764705882353,0.000602363025855123,0.00248360638056733,17,0.0149958607519407,0.0173570804245299,104
4,14,0.0161274509803922,0.000626799600614923,0.00258436095943029,17,0.0148989463376628,0.0173559556231215,105
4,15,0.0148529411764706,0.000840153750049148,0.00346404265321141,17,0.013206270084898,0.0164996122680432,106
4,16,0.0159313725490196,0.000614213925791258,0.00253246889276265,17,0.0147275353756658,0.0171352097223734,107
4,17,0.0149019607843137,0.000880649226628514,0.00363100978050787,17,0.0131759200171088,0.0166280015515187,108
4,18,0.0169117647058824,0.000782012555565873,0.0032243203671573,17,0.0153790482615151,0.0184444811502496,109
4,19,0.0139705882352941,0.00129913521498152,0.00535647171332831,17,0.0114243300028826,0.0165168464677056,110
4,20,0.0144607843137255,0.00123135849873338,0.00507702115327971,17,0.0120473660041508,0.0168742026233002,111
4,21,0.0140196078431373,0.00108426452748013,0.004470537172911,17,0.0118944884195619,0.0161447272667126,112
4,22,0.0155392156862745,0.000721479707330148,0.00297473704006192,17,0.0141251414443309,0.0169532899282181,113
4,23,0.0159313725490196,0.000543653750314187,0.00224154183630856,17,0.0148658307783437,0.0169969143196955,114
4,24,0.014656862745098,0.000814927944536583,0.00336003399259182,17,0.0130596333238111,0.016254092166385,115
4,25,0.0164705882352941,0.000604354314016566,0.00249181667198801,17,0.0152860755459202,0.017655100924668,116
4,26,0.0168229166666667,0.000932374104052342,0.00372949641620937,16,0.0149954970026063,0.0186503363307271,117
4,27,0.0161458333333333,0.000931306703468801,0.00372522681387521,16,0.0143205057359738,0.0179711609306929,118
4,28,0.01515625,0.000926146530433135,0.00370458612173254,16,0.0133410361559443,0.0169714638440557,119
4,29,0.0133333333333333,0.000775791113542719,0.00310316445417088,16,0.0118128106912634,0.0148538559754033,120
4,30,0.0123958333333333,0.000790111777136862,0.00316044710854745,16,0.0108472427063841,0.0139444239602825,121
5,1,0.0148529411764706,0.00102868204761928,0.00424136473751095,17,0.0128367614115939,0.0168691209413473,122
5,2,0.0168229166666667,0.000505861190428245,0.00202344476171298,16,0.0158314469522507,0.0178143863810826,123
5,3,0.0155208333333333,0.00076404670087051,0.00305618680348204,16,0.0140233293171205,0.0170183373495462,124
5,4,0.0169117647058824,0.000514121984397133,0.00211977924612153,17,0.0159041041328037,0.017919425278961,125
5,5,0.0170098039215686,0.000452270639393283,0.00186475961758414,17,0.0161233697570929,0.0178962380860444,126
5,6,0.0160294117647059,0.000612745098039216,0.00252641276079514,17,0.0148284534408456,0.0172303700885662,127
5,7,0.0138235294117647,0.00141850159339808,0.00584863189968724,17,0.0110433173766918,0.0166037414468376,128
5,8,0.017843137254902,0.000435005866404384,0.0017935751349486,17,0.0169905414236857,0.0186957330861182,129
5,9,0.0175980392156863,0.000422038611708886,0.00174010977416478,17,0.0167708587366516,0.018425219694721,130
5,10,0.0169270833333333,0.00042162844304136,0.00168651377216544,16,0.0161007067701146,0.0177534598965521,131
5,11,0.0164583333333333,0.000507467386290142,0.00202986954516057,16,0.015463715532876,0.0174529511337907,132
5,12,0.0162745098039216,0.000343574651197946,0.00141659457717388,17,0.0156011158615727,0.0169479037462705,133
5,13,0.0148529411764706,0.000700997531670348,0.0028902868663741,17,0.0134790112611452,0.0162268710917959,134
5,14,0.0155882352941176,0.000561590158695569,0.00231549554260921,17,0.0144875388090022,0.0166889317792331,135
5,15,0.0164705882352941,0.000777969129809014,0.00320764889567242,17,0.0149457967597845,0.0179953797108038,136
5,16,0.0166176470588235,0.000546409235529607,0.00225290299290157,17,0.0155467046363654,0.0176885894812816,137
5,17,0.0171078431372549,0.000619327390612416,0.00255355224833316,17,0.0158939837570154,0.0183217025174944,138
5,18,0.0167156862745098,0.000360635759057896,0.00148693932697051,17,0.0160088531752191,0.0174225193738005,139
5,19,0.0151960784313725,0.000668538318479699,0.00275645410186462,17,0.0138857674048674,0.0165063894578777,140
5,20,0.0142156862745098,0.000973165769416266,0.00401246525853874,17,0.0123083164154667,0.0161230561335529,141
5,21,0.0172549019607843,0.000301181512927562,0.00124180319028367,17,0.016664597042637,0.0178452068789316,142
5,22,0.0167156862745098,0.000346187423819253,0.00142736731466725,17,0.0160371713919234,0.0173942011570962,143
5,23,0.0182352941176471,0.000334269159239849,0.00137822705093231,17,0.0175801386043945,0.0188904496308996,144
5,24,0.0176960784313725,0.00063323581778254,0.00261089816264179,17,0.016454959034798,0.0189371978279471,145
5,25,0.0163725490196078,0.000514997583074772,0.00212338943195509,17,0.0153631723046561,0.0173819257345596,146
5,26,0.0167156862745098,0.000747649462875963,0.0030826377063739,17,0.0152503202542122,0.0181810522948074,147
5,27,0.0175980392156863,0.000489276097492087,0.00201733703004988,17,0.0166390756861055,0.0185570027452671,148
5,28,0.0161764705882353,0.000505579689821967,0.00208455846330299,17,0.0151855526048693,0.0171673885716013,149
5,29,0.0166666666666667,0.000422749713496577,0.00174304172194599,17,0.0158380924537387,0.0174952408795946,150
5,30,0.0147549019607843,0.000514121984397133,0.00211977924612153,17,0.0137472413877057,0.015762562533863,151
5,31,0.016078431372549,0.000826456632357224,0.0034075679902011,17,0.0144586061383446,0.0176982566067534,152
6,1,0.0166176470588235,0.000698206839864907,0.00287878054929173,17,0.0152491867989288,0.0179861073187183,153
6,2,0.0141176470588235,0.000582591388431603,0.00240208583107875,17,0.0129757889197944,0.0152595051978527,154
6,3,0.0115196078431373,0.00130835068935512,0.00539446808756085,17,0.00895528761285306,0.0140839280734214,155
6,4,0.0142156862745098,0.000861860341790061,0.00355354122373136,17,0.0125264710448979,0.0159049015041217,156
6,5,0.0173039215686275,0.000449272126956455,0.00185239643408737,17,0.0164233643805351,0.0181844787567198,157
6,6,0.016078431372549,0.000415222410443564,0.00171200585638238,17,0.0152646104025057,0.0168922523425923,158
6,7,0.0150490196078431,0.000481853020866115,0.00198673090105394,17,0.0141046050411037,0.0159934341745826,159
6,8,0.0147058823529412,0.000519931456754814,0.00214373231428136,17,0.0136868354232723,0.0157249292826101,160
6,9,0.0155392156862745,0.000642886129833529,0.00265068741854819,17,0.0142791820256405,0.0167992493469086,161
6,10,0.0144607843137255,0.000974399577543344,0.00401755237976843,17,0.0125509962351895,0.0163705723922615,162
6,11,0.0125490196078431,0.00133584052768927,0.00550781159464369,17,0.00993082028448319,0.0151672189312031,163
6,12,0.0105882352941176,0.00144472768420457,0.00595676484222946,17,0.00775662106560873,0.0134198495226266,164
6,13,0.0127941176470588,0.00159134514588066,0.00656128412327993,17,0.00967513847416008,0.0159130968199576,165
6,14,0.0140686274509804,0.000836032250039732,0.00344704927333661,17,0.0124300343509885,0.0157072205509723,166
6,15,0.0134803921568627,0.000875861195353218,0.00361126822182106,17,0.0117637357585142,0.0151970485552113,167
6,16,0.0123529411764706,0.00110294117647059,0.00454754296943124,17,0.010191216193522,0.0145146661594192,168
6,17,0.012843137254902,0.00135780774357495,0.00559838474604112,17,0.0101818829795655,0.0155043915302385,169
6,18,0.0141145833333333,0.00130541241088784,0.00522164964355136,16,0.0115560220230216,0.0166731446436451,170
6,19,0.0149479166666667,0.000942406144015295,0.00376962457606118,16,0.0131008345655874,0.0167949987677459,171
6,20,0.0146078431372549,0.000515871695584539,0.00212699349016153,17,0.0135967531932656,0.0156189330812442,172
6,21,0.015,0.00116439688500962,0.00450968974401805,15,0.0127178240416705,0.0172821759583295,173
6,22,0.0123333333333333,0.00102611405453295,0.00397412264451549,15,0.0103221867424184,0.0143444799242483,174
6,23,0.01375,0.00109184688927964,0.00436738755711857,16,0.0116100194203798,0.0158899805796202,175
6,24,0.0137254901960784,0.000732634077335055,0.00302072768577937,17,0.012289553790655,0.0151614266015019,176
6,25,0.0117156862745098,0.000849928474725476,0.00350434487551325,17,0.0100498570746128,0.0133815154744068,177
6,26,0.0126960784313726,0.000876718118750977,0.00361480140750308,17,0.0109777424940269,0.0144144143687182,178
6,27,0.0166666666666667,0.000515289118667369,0.00212459146399699,17,0.0156567185524532,0.0176766147808801,179
6,28,0.0148039215686275,0.000853103151174368,0.00351743440183919,17,0.0131318701172281,0.0164759730200268,180
6,29,0.0126470588235294,0.000855213055018034,0.00352613375824652,17,0.0109708720365856,0.0143232456104732,181
6,30,0.0111274509803922,0.00105733601030015,0.00435950805223667,17,0.0090551104806466,0.0131997914801377,182
7,1,0.0143627450980392,0.000864991227206926,0.0035664501950068,17,0.0126673934457705,0.0160580967503079,183
7,2,0.0145098039215686,0.000627278622160281,0.00258633601585875,17,0.0132803604138626,0.0157392474292747,184
7,3,0.0156862745098039,0.000392922047595132,0.0016200591048687,17,0.0149161614477857,0.0164563875718221,185
7,4,0.0162254901960784,0.000659263610603567,0.00271821350164458,17,0.0149333572629776,0.0175176231291793,186
7,5,0.0131372549019608,0.000751256476666378,0.00309750980522484,17,0.0116648192645422,0.0146096905393793,187
7,6,0.0117156862745098,0.00114214108379238,0.00470916832783341,17,0.0094771308850132,0.0139542416640064,188
7,7,0.0129411764705882,0.000860814182786076,0.00354922779965674,17,0.0112540116749462,0.0146283412662302,189
7,8,0.0129411764705882,0.000845854604251833,0.00348754787724533,17,0.0112833319100973,0.0145990210310792,190
7,9,0.0151960784313725,0.000425934980318205,0.00175617491349734,17,0.0143612612101931,0.016030895652552,191
7,10,0.0136764705882353,0.000707607844767257,0.00291754188549107,17,0.0122895846973135,0.0150633564791571,192
7,11,0.0115196078431373,0.00109597473114271,0.00451881957950933,17,0.00937153684213157,0.0136676788441429,193
7,12,0.0125,0.000945297096846906,0.00389755977788952,17,0.0106472517354898,0.0143527482645102,194
7,13,0.0127083333333333,0.000426956281914983,0.00170782512765993,16,0.0118715143978068,0.0135451522688598,195
7,14,0.0141666666666667,0.000504608392349582,0.00201843356939833,16,0.0131776523913648,0.0151556809419685,196
7,15,0.0141666666666667,0.000487102164354172,0.00194840865741669,16,0.013211963967741,0.0151213693655924,197
7,16,0.0141666666666667,0.00105134393709864,0.00420537574839457,16,0.0121060704145888,0.0162272629187445,198
7,17,0.0118229166666667,0.00115424626179614,0.00461698504718457,16,0.00956063556425624,0.0140851977690771,199
7,18,0.0136764705882353,0.000884053372395658,0.0036450454330708,17,0.0119437578179286,0.015409183358542,200
7,19,0.0141176470588235,0.000825547538877416,0.00340381970176029,17,0.0124996036150981,0.0157356905025489,201
7,20,0.0123039215686275,0.000813267648188091,0.00335318841537716,17,0.0107099462683872,0.0138978968688677,202
7,21,0.0154901960784314,0.000580784098581999,0.00239463418413272,17,0.0143518801624171,0.0166285119944457,203
7,22,0.0117156862745098,0.000660629018232527,0.0027238432215208,17,0.010420877191632,0.0130104953573876,204
7,23,0.0140196078431373,0.000840153750049148,0.00346404265321141,17,0.0123729367515647,0.0156662789347098,205
7,24,0.0150980392156863,0.000808080466756595,0.00333180111843586,17,0.013514230604233,0.0166818478271395,206
7,25,0.0155392156862745,0.000827001608764852,0.00340981498549322,17,0.0139183223179387,0.0171601090546103,207
7,26,0.0124019607843137,0.00108578708006552,0.00447681481804113,17,0.0102738572125064,0.0145300643561211,208
7,27,0.0143137254901961,0.000812343795057674,0.0033493792713379,17,0.0127215609088185,0.0159058900715737,209
7,28,0.0120588235294118,0.00100070861091145,0.00412602730325304,17,0.0100974706930062,0.0140201763658173,210
7,29,0.0150490196078431,0.000737333772377026,0.00304010502484561,17,0.0136038719693991,0.0164941672462872,211
7,30,0.0146078431372549,0.000848867610811222,0.00349997082154037,17,0.0129440931924223,0.0162715930820875,212
7,31,0.0151470588235294,0.000715417623496393,0.002949742428104,17,0.0137448660475712,0.0165492515994876,213
8,1,0.0147058823529412,0.000571399177787979,0.00235593916441092,17,0.0135859605436809,0.0158258041622014,214
8,2,0.0128921568627451,0.00059407841389906,0.00244944805040523,17,0.0117277845675103,0.0140565291579799,215
8,3,0.0108333333333333,0.00101560536054415,0.00418744817546704,17,0.00884278340416098,0.0128238832625057,216
8,4,0.0109313725490196,0.000971621306025235,0.00400609727284263,17,0.00902702978259838,0.0128357153154408,217
8,5,0.0121078431372549,0.00091543379396976,0.00377443022579723,17,0.0103136258708433,0.0139020604036665,218
8,6,0.0136274509803922,0.00089804269414516,0.00370272488427475,17,0.0118673196432883,0.015387582317496,219
8,7,0.0113725490196078,0.000942433035771097,0.00388575095155574,17,0.00952541421165575,0.0132196838275599,220
8,8,0.0121078431372549,0.000953680218546261,0.00393212427412837,17,0.0102386642561359,0.0139770220183739,221
8,9,0.0113235294117647,0.000773127955666054,0.00318768822332899,17,0.00980822646321816,0.0128388323603113,222
8,10,0.0118627450980392,0.000882523131734747,0.00363873608919325,17,0.0101330315443156,0.0135924586517628,223
8,11,0.0129901960784314,0.00111175670882762,0.00458389034048534,17,0.0108111929695585,0.0151691991873043,224
8,12,0.0141176470588235,0.000757824746751976,0.00312459147656535,17,0.0126323378485965,0.0156029562690506,225
8,13,0.0129901960784314,0.000875346638648459,0.00360914665017697,17,0.0112745481926922,0.0147058439641705,226
8,14,0.0127314814814815,0.00100787917074386,0.00427606917749795,18,0.0107560746060554,0.0147068883569075,227
8,15,0.0110648148148148,0.00100562496500498,0.00426650539251303,18,0.0090938261014507,0.0130358035281789,228
8,16,0.0122058823529412,0.000989995854344153,0.00408185747638454,17,0.0102655261335827,0.0141462385722997,229
8,17,0.0123039215686275,0.000641248796664271,0.00264393652094701,17,0.0110470970220358,0.0135607461152191,230
8,18,0.0129901960784314,0.000966817790358628,0.0039862918703749,17,0.0110952680297159,0.0148851241271469,231
8,19,0.0130208333333333,0.000573705265342302,0.00229482106136921,16,0.0118963916755214,0.0141452749911452,232
8,20,0.0122916666666667,0.000882245136842069,0.00352898054736828,16,0.0105624979729206,0.0140208353604127,233
8,21,0.0133854166666667,0.00070328573265726,0.00281314293062904,16,0.0120070019598176,0.0147638313735158,234
8,22,0.0129901960784314,0.000792694197490011,0.00326836190506554,17,0.0114365440005971,0.0145438481562657,235
8,23,0.0126960784313725,0.00057845214319637,0.00238501928576355,17,0.0115623330639277,0.0138298237988174,236
8,24,0.0107843137254902,0.000578192456474777,0.00238394856998085,17,0.00965107733466689,0.0119175501163135,237
8,25,0.0127450980392157,0.000755442892520708,0.00311477083998501,17,0.0112644571774983,0.014225738900933,238
8,26,0.0131862745098039,0.000700997531670348,0.0028902868663741,17,0.0118123445944786,0.0145602044251293,239
8,27,0.0128921568627451,0.000659263610603567,0.00271821350164458,17,0.0116000239296443,0.0141842897958459,240
8,28,0.01,0.000830263955193839,0.00342326598440729,17,0.0083727125501583,0.0116272874498417,241
8,29,0.0101470588235294,0.000704630221150248,0.0029052648288048,17,0.00876600896765643,0.0115281086794024,242
8,30,0.012843137254902,0.000614947024034038,0.00253549153425158,17,0.0116378632353952,0.0140484112744088,243
8,31,0.0125980392156863,0.000868975387315482,0.00358287730796375,17,0.0108948787530962,0.0143011996782764,244
9,1,0.012843137254902,0.000689331426981629,0.002842186284503,17,0.0114920724846064,0.0141942020251976,245
9,2,0.0116176470588235,0.000790797343377533,0.00326054097520341,17,0.0100677127467336,0.0131675813709134,246
9,3,0.0117647058823529,0.000811233782521341,0.00334480257240484,17,0.0101747168855689,0.013354694879137,247
9,4,0.0125,0.000857492925712544,0.00353553390593274,17,0.0108193447486055,0.0141806552513945,248
9,5,0.0131372549019608,0.000764729449108956,0.00315306029369663,17,0.0116384127237901,0.0146360970801315,249
9,6,0.0136274509803922,0.000692591723085529,0.00285562882971017,17,0.012269996147154,0.0149849058136303,250
9,7,0.0148039215686275,0.000323770706216248,0.00133494082021041,17,0.0141693426451945,0.0154385004920604,251
9,8,0.0130392156862745,0.000519931456754814,0.00214373231428136,17,0.0120201687566056,0.0140582626159434,252
9,9,0.0124509803921569,0.000400868314553827,0.00165282240286875,17,0.0116652929330881,0.0132366678512256,253
9,10,0.0127941176470588,0.000670108976200604,0.0027629300895496,17,0.0114807281879886,0.014107507106129,254
9,11,0.0125,0.000742610657232506,0.00306186217847897,17,0.0110445098572887,0.0139554901427113,255
9,12,0.0120588235294118,0.000549424308124017,0.00226533445567723,17,0.0109819716732579,0.0131356753855657,256
9,13,0.0137745098039216,0.000452602581191652,0.00186612824868037,17,0.0128874250454761,0.0146615945623671,257
9,14,0.011421568627451,0.000634183776124295,0.00261480669501353,17,0.0101785912666677,0.0126645459882342,258
9,15,0.011078431372549,0.000688241229514655,0.00283769128519389,17,0.00972950335002473,0.0124273593950733,259
9,16,0.00955882352941177,0.00072210391483609,0.00297731071354122,17,0.00814352586323765,0.0109741211955859,260
9,17,0.00958333333333333,0.000817524337326145,0.00346846201625013,18,0.00798101507568912,0.0111856515909775,261
9,18,0.0125,0.000680413817439772,0.00288675134594813,18,0.0111664134232346,0.0138335865767654,262
9,19,0.0118055555555556,0.000544205963509179,0.002308870362957,18,0.0107389314669056,0.0128721796442055,263
9,20,0.0121759259259259,0.000337789447205067,0.00143311925239175,18,0.0115138707750463,0.0128379810768056,264
9,21,0.0120833333333333,0.000713783021574598,0.00302832488910733,18,0.0106843443182709,0.0134823223483957,265
9,22,0.0120833333333333,0.000632893150551121,0.0026851382311273,18,0.010842885552191,0.0133237811144756,266
9,23,0.0135185185185185,0.000449701120968802,0.00190792027286539,18,0.0126371205176124,0.0143999165194247,267
9,24,0.0106481481481481,0.000736644447176327,0.00312531770353078,18,0.00920435156227113,0.0120919447340252,268
9,25,0.0105092592592593,0.000878769215700575,0.00372830202911916,18,0.00878690324576362,0.0122316152727549,269
9,26,0.00851851851851852,0.00068888478926791,0.00292269063568563,18,0.00716832914205595,0.00986870789498109,270
9,27,0.0074537037037037,0.00127733763061192,0.00541928460282266,18,0.00495016795160662,0.00995723945580078,271
9,28,0.0100925925925926,0.00101031555125725,0.00428640586459336,18,0.00811241049910765,0.0120727746860775,272
9,29,0.0113888888888889,0.000734930919740164,0.00311804782231162,18,0.00994845075507327,0.0128293270227045,273
9,30,0.0125,0.000538968055636296,0.00228664780190012,18,0.0114436420221353,0.0135563579778647,274
10,1,0.0108796296296296,0.000553395400939806,0.00234785784409191,18,0.00979499457457751,0.0119642646846818,275
10,2,0.0122685185185185,0.00056690032490279,0.00240515438397372,18,0.011157414298885,0.013379622738152,276
10,3,0.0119907407407407,0.000628896311392695,0.00266818107869389,18,0.010758126620401,0.0132233548610805,277
10,4,0.0122685185185185,0.00056690032490279,0.00240515438397372,18,0.011157414298885,0.013379622738152,278
10,5,0.0108333333333333,0.00081125435211153,0.00344186072187097,18,0.00924330402089336,0.0124233626457733,279
10,6,0.00958333333333333,0.00109516747292573,0.00464640207984433,18,0.00743684452935915,0.0117298221373075,280
10,7,0.00930555555555556,0.00101560536054415,0.00430884862470106,18,0.00731500562638321,0.0112961054847279,281
10,8,0.00833333333333333,0.000656651349588566,0.00278593573301624,18,0.00704632033774012,0.00962034632892654,282
10,9,0.00637254901960784,0.00041630607233978,0.00171647390884294,17,0.00555660411127655,0.00718849392793914,283
10,10,0.0116203703703704,0.000483347523560674,0.00205066986947686,18,0.0106730266321748,0.0125677141085659,284
10,11,0.00935185185185185,0.000717921949857579,0.00304588487464177,18,0.00794475068642023,0.0107589530172835,285
10,12,0.00967592592592593,0.000568233164496974,0.00241080914346541,18,0.00856220938869063,0.0107896424631612,286
10,13,0.00717592592592593,0.000703821942824206,0.00298606361111332,18,0.00579646026646147,0.00855539158539038,287
10,14,0.0101388888888889,0.00058052545501603,0.00246296091535945,18,0.00900107990494874,0.011276697872829,288
10,15,0.0115740740740741,0.000329284291943177,0.00139703493462739,18,0.0109286887211907,0.0122194594269575,289
10,16,0.0111111111111111,0.000426091660470761,0.00180775381515547,18,0.0102759868024756,0.0119462354197467,290
10,17,0.0112962962962963,0.000632793537242792,0.0026847156076524,18,0.0100560437536507,0.0125365488389419,291
10,18,0.00930555555555556,0.00101112637351118,0.00428984589207792,18,0.00732378427965504,0.0112873268314561,292
10,19,0.00824074074074074,0.000802504049293569,0.00340473633111088,18,0.00666786170667779,0.00981361977480369,293
10,20,0.0106018518518519,0.000533914934938463,0.00226520922643057,18,0.00955539780856442,0.0116483058951393,294
10,21,0.0114814814814815,0.000541302272082764,0.00229655104356845,18,0.0104205485234496,0.0125424144395134,295
10,22,0.0106018518518519,0.000542349391911229,0.00230099359675698,18,0.00953886657666865,0.0116648371270351,296
10,23,0.0109259259259259,0.000666560751693025,0.00282797776556964,18,0.00961949085909965,0.0122323609927522,297
10,24,0.0092156862745098,0.00076453303727854,0.00315225046697371,17,0.00771722905645285,0.0107141434925668,298
10,25,0.0111111111111111,0.000555555555555556,0.00235702260395516,18,0.0100222422308111,0.0121999799914111,299
10,26,0.0101388888888889,0.000482303011213903,0.00204623837889626,18,0.00919359235727442,0.0110841854205034,300
10,27,0.0104166666666667,0.000453192099619564,0.00192273124092698,18,0.00952842647333423,0.0113049068599991,301
10,28,0.00898148148148148,0.000633987863949777,0.00268978270673317,18,0.00773888810150444,0.0102240748614585,302
10,29,0.0102777777777778,0.000461872353761522,0.00195955844032418,18,0.00937252459895045,0.0111830309566051,303
10,30,0.0103240740740741,0.000467434829616573,0.00198315802670794,18,0.00940791864290597,0.0112402295052422,304
10,31,0.0107407407407407,0.000425499454958067,0.00180524129995217,18,0.00990677713358151,0.0115747043479,305
11,1,0.0100925925925926,0.000546863742809291,0.00232014636555304,18,0.00902075935223561,0.0111644258329496,306
11,2,0.00763888888888889,0.000636468846521645,0.00270030862433661,18,0.00639143287242471,0.00888634490535306,307
11,3,0.0103703703703704,0.000643462678413014,0.0027299809400778,18,0.00910920669528519,0.0116315340454556,308
11,4,0.00884259259259259,0.000457621693959693,0.00194152441810184,18,0.00794567055388738,0.0097395146312978,309
11,5,0.00708333333333333,0.000889322810754562,0.00377307714089059,18,0.00534029265362446,0.00882637401304221,310
11,6,0.00972222222222222,0.000446888703633247,0.0018959881966484,18,0.00884633645800327,0.0105981079864412,311
11,7,0.00990740740740741,0.000430799998546518,0.00182772960184439,18,0.00906305492571632,0.0107517598890985,312
11,8,0.0103703703703704,0.000527141955424155,0.00223647390797014,18,0.00933719112299901,0.0114035496177417,313
11,9,0.00736111111111111,0.000783504825245979,0.00332412945014288,18,0.00582546987191564,0.00889675235030658,314
11,10,0.00872549019607843,0.000474630312035223,0.00195695090964109,17,0.00779523187851839,0.00965574851363848,315
11,11,0.00857843137254902,0.000588235294117647,0.00242535625036333,17,0.00742551138164311,0.00973135136345493,316
11,12,0.00788888888888889,0.000744764205195435,0.00288445936357332,15,0.00642917786973124,0.00934859990804654,317
11,13,0.00848958333333333,0.00058044298815646,0.00232177195262584,16,0.00735193598146786,0.0096272306851988,318
11,14,0.0075462962962963,0.0006118245324048,0.00259575165455834,18,0.00634714224792483,0.00874545034466776,319
11,15,0.00703703703703704,0.000983760251806698,0.00417374127068581,18,0.00510890237407386,0.00896517170000022,320
11,16,0.00916666666666667,0.000551455458519157,0.0023396273654474,18,0.0080858338288911,0.0102474995044422,321
11,17,0.00740740740740741,0.000461326082306312,0.0019572408068221,18,0.00650322490095808,0.00831158991385674,322
11,18,0.00555555555555556,0.000471597048681759,0.0020008168266626,18,0.00463124232492393,0.00647986878618718,323
11,19,0.00851851851851852,0.000511112689840004,0.00216846749361818,18,0.00751675605439072,0.00952028098264632,324
11,20,0.005,0.000759232689901238,0.00322115150116601,18,0.00351193127190811,0.00648806872809189,325
11,21,0.00837962962962963,0.000675298900382328,0.00286505059072898,18,0.00705606810608077,0.00970319115317849,326
11,22,0.00887254901960784,0.000692591723085529,0.00285562882971017,17,0.00751509418636967,0.010230003852846,327
11,23,0.00946078431372549,0.000673908190434682,0.00277859465113106,17,0.00813994853158695,0.010781620095864,328
11,24,0.00952380952380952,0.000514697637230637,0.00192582221629911,14,0.00851502069190961,0.0105325983557094,329
11,25,0.00839285714285714,0.000656424794817086,0.00245611668238892,14,0.00710628818645656,0.00967942609925773,330
11,26,0.00841666666666667,0.000760218454633556,0.00240402183593542,10,0.0069266658752022,0.00990666745813113,331
11,27,0.00875,0.00052704627669473,0.00210818510677892,16,0.0077170082794924,0.0097829917205076,332
11,28,0.00739583333333333,0.000658258610386638,0.00263303444154655,16,0.00610567016446214,0.00868599650220453,333
11,29,0.0078125,0.000503891109268659,0.00201556443707464,16,0.00682489157370349,0.00880010842629651,334
11,30,0.00756410256410256,0.000739729887739904,0.00266713404023945,13,0.0061142586258445,0.00901394650236063,335
12,1,0.00871794871794872,0.000601335353823517,0.00216814545195997,13,0.00753935308182398,0.00989654435407346,336
12,2,0.00948717948717949,0.000476835760778235,0.00171925578546081,13,0.00855259856951339,0.0104217604048456,337
12,3,0.00858974358974359,0.000676375717578821,0.00243870733120919,13,0.00726407154327167,0.00991541563621551,338
12,4,0.00570512820512821,0.000638885315714789,0.00230353376495067,13,0.00445293599607572,0.00695732041418069,339
12,5,0.0066025641025641,0.000485376781692331,0.00175005087431139,13,0.00565124309151517,0.00755388511361303,340
12,6,0.00776041666666667,0.000514369613738056,0.00205747845495222,16,0.0067522707489983,0.00876856258433504,341
12,7,0.00711111111111111,0.000507005595355062,0.00196362422724413,15,0.0061173984042549,0.00810482381796732,342
12,8,0.00734375,0.000702256407945132,0.00280902563178053,16,0.00596735273251507,0.00872014726748493,343
12,9,0.00776041666666667,0.000616698338150654,0.00246679335260261,16,0.00655171013456568,0.00896912319876765,344
12,10,0.00877777777777778,0.000421532435710778,0.00163258810339409,15,0.00795158938546921,0.00960396617008635,345
12,11,0.00705555555555556,0.000580017028272808,0.0022463962910173,15,0.0059187430697209,0.00819236804139021,346
12,12,0.00644444444444444,0.000672920403531158,0.00260620951619935,15,0.00512554468906122,0.00776334419982767,347
12,13,0.00588888888888889,0.000794602603859291,0.00307748265160008,15,0.00433149640330293,0.00744628137447485,348
12,14,0.00661111111111111,0.000667988108333359,0.0025871068190397,15,0.00530187847667669,0.00792034374554553,349
12,15,0.00527777777777778,0.000567335428592429,0.00219728066665192,15,0.00416582077058302,0.00638973478497253,350
12,16,0.00522222222222222,0.000720388392206664,0.00279005224581755,15,0.00381028691861645,0.006634157525828,351
12,17,0.00622222222222222,0.000623962984476221,0.00241659824752628,15,0.0049992772449627,0.00744516719948174,352
12,18,0.00827777777777778,0.000497790532716404,0.00192793444311035,15,0.00730212626180862,0.00925342929374694,353
12,19,0.00875,0.00042355418561047,0.00169421674244188,16,0.00791984905070229,0.00958015094929771,354
12,20,0.00619791666666667,0.000553653427746596,0.00221461371098639,16,0.00511277588836619,0.00728305744496714,355
12,21,0.005,0.000622954167997002,0.00256850583457041,17,0.00377903226670676,0.00622096773329324,356
12,22,0.00735294117647059,0.000430145313107457,0.00177353456030643,17,0.00650987185466127,0.00819601049827991,357
12,23,0.00725490196078431,0.000592559676653754,0.00244318613632528,17,0.00609350633585226,0.00841629758571637,358
12,24,0.00622549019607843,0.000651472248039314,0.00268608889082468,17,0.00494862805299403,0.00750235233916283,359
12,25,0.00566666666666667,0.00111269728052837,0.00430945803685667,15,0.00348582007113539,0.00784751326219794,360
12,26,0.00577777777777778,0.00107726219053696,0.00417221852344858,15,0.00366638268241861,0.00788917287313695,361
12,27,0.0071078431372549,0.000805660780092824,0.00332182449474023,17,0.00552877702451652,0.00868690924999328,362
12,28,0.00544117647058824,0.000746443251609856,0.00307766436991694,17,0.00397817458092995,0.00690417836024652,363
12,29,0.00759803921568627,0.000552966381013651,0.00227993879633482,17,0.00651424502423807,0.00868183340713448,364
12,30,0.00617647058823529,0.000468900158571299,0.00193332488165834,17,0.00525744316509043,0.00709549801138016,365
12,31,0.00905555555555556,0.000362482134814896,0.00140388727143581,15,0.00834510362627917,0.00976600748483195,366
